<?xml version="1.0" encoding="UTF-8"?>
<!-- This file stores a copy of all RSE Systems referenced by the project 
so the systems can be automatically recreated when the project is imported in a new workspace. 
This file is automatically generated and updated by the Eclipse IDE.-->
<APSC_Memento>
<host>
<properties>
<property key="hidden.applicator.com.freescale.debugger.applicator.launchconfiguration.lc.Roboin_NEW_FLASH_OSJTAG.proj.Roboin_NEW" value="com.freescale.debugger.applicator.launchconfiguration.lc.Roboin_NEW_FLASH_OSJTAG.proj.Roboin_NEW"/>
<property key="host.address" value=""/>
<property key="host.defaultEncoding" value=""/>
<property key="host.defaultUser" value="JaeHakJeong"/>
<property key="host.description" value=""/>
<property key="host.name" value="Roboin_NEW_FLASH_OSJTAG"/>
<property key="host.promptable" value="false"/>
<property key="host.type" value="com.freescale.cdt.debug.cw.core.ui.rse.systemtype.bareboard.hardware"/>
<property key="propertySet.[OptionalPropertySet].enableConnectorServicesPropertyPage" value="false"/>
<property key="propertySet.[OptionalPropertySet].enableGenericHostPropertyPage" value="false"/>
<property key="propertySet.[com.pemicro.mcu.debug.connections.pne.eppc].com.freescale.cdt.debug.cw.CW_SHADOWED_PREF.Embedded Initialization.simulator" value=""/>
<property key="propertySet.[com.pemicro.mcu.debug.connections.pne.eppc].com.freescale.cdt.debug.cw.core.settings.GdiConnection.Common.PhysicalConnectionAttributeBase" value="com.pemicro.mcu.debug.connections.pne.eppc."/>
<property key="propertySet.[com.pemicro.mcu.debug.connections.pne.eppc].com.freescale.cdt.debug.cw.core.settings.GdiConnection.Common.SimulatorConnectionAttributeBase" value=""/>
<property key="propertySet.[com.pemicro.mcu.debug.connections.pne.eppc].com.freescale.cdt.debug.cw.core.settings.GdiConnection.Common.logData" value="false"/>
<property key="propertySet.[com.pemicro.mcu.debug.connections.pne.eppc].com.pemicro.mcu.debug.connections.pne.eppc.CommandLineArgs" value="eppc_icd "/>
<property key="propertySet.[com.pemicro.mcu.debug.connections.pne.eppc].com.pemicro.mcu.debug.connections.pne.eppc.ConfigFile" value=""/>
<property key="propertySet.[com.pemicro.mcu.debug.connections.pne.eppc].com.pemicro.mcu.debug.connections.pne.eppc.Library" value="eppc_pne_gdi"/>
<property key="propertySet.[com.pemicro.mcu.debug.connections.pne.eppc].com.pemicro.mcu.debug.connections.pne.eppc.PEDEBUG_ALTERNATIVE_ALGORITHM_CHECKBOX" value="0"/>
<property key="propertySet.[com.pemicro.mcu.debug.connections.pne.eppc].com.pemicro.mcu.debug.connections.pne.eppc.PEDEBUG_ALTERNATIVE_ALGORITHM_PATH" value=""/>
<property key="propertySet.[com.pemicro.mcu.debug.connections.pne.eppc].com.pemicro.mcu.debug.connections.pne.eppc.PEDEBUG_AUTO_SYNC" value="1"/>
<property key="propertySet.[com.pemicro.mcu.debug.connections.pne.eppc].com.pemicro.mcu.debug.connections.pne.eppc.PEDEBUG_CURRENTDEVICE" value="MPC5606B"/>
<property key="propertySet.[com.pemicro.mcu.debug.connections.pne.eppc].com.pemicro.mcu.debug.connections.pne.eppc.PEDEBUG_CURRENT_ALGORITHM_INDEX" value="0"/>
<property key="propertySet.[com.pemicro.mcu.debug.connections.pne.eppc].com.pemicro.mcu.debug.connections.pne.eppc.PEDEBUG_DO_DEBUG_OUTPUT" value="0"/>
<property key="propertySet.[com.pemicro.mcu.debug.connections.pne.eppc].com.pemicro.mcu.debug.connections.pne.eppc.PEDEBUG_ENABLE_FLASH_PROGRAMMING_DIALOG" value="0"/>
<property key="propertySet.[com.pemicro.mcu.debug.connections.pne.eppc].com.pemicro.mcu.debug.connections.pne.eppc.PEDEBUG_ERASE_PROGRAM_WITHOUT_ASKING" value="0"/>
<property key="propertySet.[com.pemicro.mcu.debug.connections.pne.eppc].com.pemicro.mcu.debug.connections.pne.eppc.PEDEBUG_PRESERVE1_ACTIVE" value="0"/>
<property key="propertySet.[com.pemicro.mcu.debug.connections.pne.eppc].com.pemicro.mcu.debug.connections.pne.eppc.PEDEBUG_PRESERVE1_END" value="15"/>
<property key="propertySet.[com.pemicro.mcu.debug.connections.pne.eppc].com.pemicro.mcu.debug.connections.pne.eppc.PEDEBUG_PRESERVE1_START" value="0"/>
<property key="propertySet.[com.pemicro.mcu.debug.connections.pne.eppc].com.pemicro.mcu.debug.connections.pne.eppc.PEDEBUG_PRESERVE2_ACTIVE" value="0"/>
<property key="propertySet.[com.pemicro.mcu.debug.connections.pne.eppc].com.pemicro.mcu.debug.connections.pne.eppc.PEDEBUG_PRESERVE2_END" value="15"/>
<property key="propertySet.[com.pemicro.mcu.debug.connections.pne.eppc].com.pemicro.mcu.debug.connections.pne.eppc.PEDEBUG_PRESERVE2_START" value="0"/>
<property key="propertySet.[com.pemicro.mcu.debug.connections.pne.eppc].com.pemicro.mcu.debug.connections.pne.eppc.PEDEBUG_PRESERVE3_ACTIVE" value="0"/>
<property key="propertySet.[com.pemicro.mcu.debug.connections.pne.eppc].com.pemicro.mcu.debug.connections.pne.eppc.PEDEBUG_PRESERVE3_END" value="15"/>
<property key="propertySet.[com.pemicro.mcu.debug.connections.pne.eppc].com.pemicro.mcu.debug.connections.pne.eppc.PEDEBUG_PRESERVE3_START" value="0"/>
<property key="propertySet.[com.pemicro.mcu.debug.connections.pne.eppc].com.pemicro.mcu.debug.connections.pne.eppc.RESET_DELAY" value="0"/>
<property key="propertySet.[com.pemicro.mcu.debug.connections.pne.eppc].com.pemicro.mcu.debug.connections.pne.eppc.STARTUP_CyclonePro_PowerDownDelay" value="250"/>
<property key="propertySet.[com.pemicro.mcu.debug.connections.pne.eppc].com.pemicro.mcu.debug.connections.pne.eppc.STARTUP_CyclonePro_PowerUpDelay" value="250"/>
<property key="propertySet.[com.pemicro.mcu.debug.connections.pne.eppc].com.pemicro.mcu.debug.connections.pne.eppc.STARTUP_CyclonePro_currentvoltage" value="255"/>
<property key="propertySet.[com.pemicro.mcu.debug.connections.pne.eppc].com.pemicro.mcu.debug.connections.pne.eppc.STARTUP_CyclonePro_poweroffonexit" value="1"/>
<property key="propertySet.[com.pemicro.mcu.debug.connections.pne.eppc].com.pemicro.mcu.debug.connections.pne.eppc.STARTUP_FREQ_CYCLONE" value="3"/>
<property key="propertySet.[com.pemicro.mcu.debug.connections.pne.eppc].com.pemicro.mcu.debug.connections.pne.eppc.STARTUP_FREQ_FX" value="4"/>
<property key="propertySet.[com.pemicro.mcu.debug.connections.pne.eppc].com.pemicro.mcu.debug.connections.pne.eppc.STARTUP_FREQ_NORMAL" value="0"/>
<property key="propertySet.[com.pemicro.mcu.debug.connections.pne.eppc].com.pemicro.mcu.debug.connections.pne.eppc.STARTUP_FREQ_OSJTAG" value="0"/>
<property key="propertySet.[com.pemicro.mcu.debug.connections.pne.eppc].com.pemicro.mcu.debug.connections.pne.eppc.STARTUP_Multilink_PowerDownDelay" value="250"/>
<property key="propertySet.[com.pemicro.mcu.debug.connections.pne.eppc].com.pemicro.mcu.debug.connections.pne.eppc.STARTUP_Multilink_PowerUpDelay" value="1000"/>
<property key="propertySet.[com.pemicro.mcu.debug.connections.pne.eppc].com.pemicro.mcu.debug.connections.pne.eppc.STARTUP_PCI_DELAY" value="5"/>
<property key="propertySet.[com.pemicro.mcu.debug.connections.pne.eppc].com.pemicro.mcu.debug.connections.pne.eppc.STARTUP_PORT" value="21"/>
<property key="propertySet.[com.pemicro.mcu.debug.connections.pne.eppc].com.pemicro.mcu.debug.connections.pne.eppc.STARTUP_PORT_NAME_STRING" value="SER01"/>
<property key="propertySet.[com.pemicro.mcu.debug.connections.pne.eppc].com.pemicro.mcu.debug.connections.pne.eppc.STARTUP_RESET_DELAY" value="0"/>
<property key="propertySet.[com.pemicro.mcu.debug.connections.pne.eppc].com.pemicro.mcu.debug.connections.pne.eppc.STARTUP_SPECIFY_IP" value="127.0.0.1"/>
<property key="propertySet.[com.pemicro.mcu.debug.connections.pne.eppc].com.pemicro.mcu.debug.connections.pne.eppc.STARTUP_SPECIFY_IP_ENABLED" value="0"/>
<property key="propertySet.[com.pemicro.mcu.debug.connections.pne.eppc].com.pemicro.mcu.debug.connections.pne.eppc.STARTUP_SPECIFY_NETWORKCARD" value="127.0.0.1"/>
<property key="propertySet.[com.pemicro.mcu.debug.connections.pne.eppc].com.pemicro.mcu.debug.connections.pne.eppc.STARTUP_SPECIFY_NETWORKCARD_ENABLED" value="0"/>
<property key="propertySet.[com.pemicro.mcu.debug.connections.pne.eppc].com.pemicro.mcu.debug.connections.pne.eppc.STARTUP_USE_CYCLONEPRO_RELAYS" value="1"/>
<property key="propertySet.[com.pemicro.mcu.debug.connections.pne.eppc].com.pemicro.mcu.debug.connections.pne.eppc.STARTUP_interface_selection" value="1"/>
<property key="propertySet.[com.pemicro.mcu.debug.connections.pne.eppc].com.pemicro.mcu.debug.connections.pne.eppc.UUID" value="ba0bd167-e10a-473f-9be6-0f2017212433"/>
<property key="propertySet.[com.pemicro.mcu.debug.connections.pne.eppc].com.pemicro.mcu.debug.connections.pne.eppc.names_of_user_added_attributes" value=""/>
<property key="propertySet.[cw.dbg.conn].rseSystemId" value="com.freescale.cdt.debug.cw.core.ui.rse.systemtype.bareboard.hardware.system.150709224118+0900.3"/>
<property key="propertySet.[cw.dbg.ct.bareboard.gdi].logData" value="false"/>
<property key="propertySet.[cw.dbg.ct.targetConnLost].RetryConnectionOn" value="false"/>
<property key="propertySet.[cw.dbg.ct.targetConnLost].RetryTimeout" value="20"/>
<property key="propertySet.[cw.dbg.ct.targetConnLost].RetryWithTimeoutOn" value="false"/>
<property key="propertySet.[cw.dbg.ct.targetConnLost].TerminateConnectionOn" value="false"/>
<property key="propertySet.[cw.dbg.ct.targetConnLost].retryPromptUserActionOn" value="true"/>
<property key="propertySet.[cw.dbg.ct].Connection Type" value="com.pemicro.mcu.debug.connections.pne.eppc"/>
<property key="propertySet.[cw.dbg.main].templateId" value="None"/>
<property key="propertySet.[cw.ide.settingscache].hidden.HostID" value="com.freescale.cdt.debug.cw.core.ui.rse.systemtype.bareboard.hardware.150709224118+0900.3"/>
<property key="propertySet.[cw.ide.settingscache].hidden.TimeStamp" value="1436457633646"/>
</properties>
</host>
<host>
<properties>
<property key="host.address" value=""/>
<property key="host.defaultEncoding" value=""/>
<property key="host.defaultUser" value="JaeHakJeong"/>
<property key="host.description" value=""/>
<property key="host.name" value="Roboin_NEW_FLASH_OSJTAG Target"/>
<property key="host.promptable" value="false"/>
<property key="host.type" value="com.freescale.cdt.debug.cw.core.ui.rse.systemtype.bareboard.hardware.system"/>
<property key="propertySet.[OptionalPropertySet].enableConnectorServicesPropertyPage" value="false"/>
<property key="propertySet.[OptionalPropertySet].enableGenericHostPropertyPage" value="false"/>
<property key="propertySet.[cw.dbg.ct.bareboard.ondemand].com.freescale.cw.system.eppc.MPC56xxB.MPC5606B.0.e200z0h.resetOrder" value="0"/>
<property key="propertySet.[cw.dbg.ct.bareboard.ondemand].enableHSSTIOModelConfig" value="false"/>
<property key="propertySet.[cw.dbg.ct.bareboard.ondemand].enableNetworkIOModelConfig" value="false"/>
<property key="propertySet.[cw.dbg.ct.bareboard.ondemand].enableSerialIOModelConfig" value="false"/>
<property key="propertySet.[cw.dbg.ct.bareboard.ondemand].enableStopTransferIOModelConfig" value="true"/>
<property key="propertySet.[cw.dbg.ct.bareboard.ondemand].ethernetController" value="UEC1"/>
<property key="propertySet.[cw.dbg.ct.bareboard.ondemand].executePerCoreReset" value="false"/>
<property key="propertySet.[cw.dbg.ct.bareboard.ondemand].executePerProcessorReset" value="false"/>
<property key="propertySet.[cw.dbg.ct.bareboard.ondemand].executeReset" value="true"/>
<property key="propertySet.[cw.dbg.ct.bareboard.ondemand].initPath" value="${ProjDirPath}/Project_Settings/Debugger/MPC5606B_VLE.tcl"/>
<property key="propertySet.[cw.dbg.ct.bareboard.ondemand].memConfigPath" value="${ProjDirPath}/Project_Settings/Debugger/MPC5606B.mem"/>
<property key="propertySet.[cw.dbg.ct.bareboard.ondemand].networkDebuggerAddress" value="127.0.0.1"/>
<property key="propertySet.[cw.dbg.ct.bareboard.ondemand].networkGateway" value="127.0.0.1"/>
<property key="propertySet.[cw.dbg.ct.bareboard.ondemand].networkMACAddress" value="**-**-**-**-**-**"/>
<property key="propertySet.[cw.dbg.ct.bareboard.ondemand].networkNetMask" value="255.255.255.255"/>
<property key="propertySet.[cw.dbg.ct.bareboard.ondemand].networkTargetAddress" value="127.0.0.1"/>
<property key="propertySet.[cw.dbg.ct.bareboard.ondemand].networkUDPPort" value="1234"/>
<property key="propertySet.[cw.dbg.ct.bareboard.ondemand].noIOModelConfig" value="false"/>
<property key="propertySet.[cw.dbg.ct.bareboard.ondemand].runOutOfReset" value="false"/>
<property key="propertySet.[cw.dbg.ct.bareboard.ondemand].targetIsPalladium" value="false"/>
<property key="propertySet.[cw.dbg.ct.bareboard.ondemand].useInitFile" value="true"/>
<property key="propertySet.[cw.dbg.ct.bareboard.ondemand].useMemoryConfigFile" value="true"/>
<property key="propertySet.[cw.dbg.ct.bareboard.ondemand].useNetworkGateway" value="false"/>
<property key="propertySet.[cw.dbg.ct.bareboard.ondemand].useNetworkMACAddress" value="false"/>
<property key="propertySet.[cw.dbg.ct.bareboard.ondemand].useNetworkUDPPort" value="false"/>
<property key="propertySet.[cw.dbg.ct.bareboard].enableHSSTIOModelConfig" value="false"/>
<property key="propertySet.[cw.dbg.ct.bareboard].enableNetworkIOModelConfig" value="false"/>
<property key="propertySet.[cw.dbg.ct.bareboard].enableSerialIOModelConfig" value="false"/>
<property key="propertySet.[cw.dbg.ct.bareboard].enableStopTransferIOModelConfig" value="true"/>
<property key="propertySet.[cw.dbg.ct.bareboard].ethernetController" value="UEC1"/>
<property key="propertySet.[cw.dbg.ct.bareboard].executeReset" value="false"/>
<property key="propertySet.[cw.dbg.ct.bareboard].initPath" value="${ProjDirPath}/Project_Settings/Debugger/MPC5606B_VLE.tcl"/>
<property key="propertySet.[cw.dbg.ct.bareboard].memConfigPath" value="${ProjDirPath}/Project_Settings/Debugger/MPC5606B.mem"/>
<property key="propertySet.[cw.dbg.ct.bareboard].networkDebuggerAddress" value="127.0.0.1"/>
<property key="propertySet.[cw.dbg.ct.bareboard].networkGateway" value="127.0.0.1"/>
<property key="propertySet.[cw.dbg.ct.bareboard].networkMACAddress" value="**-**-**-**-**-**"/>
<property key="propertySet.[cw.dbg.ct.bareboard].networkNetMask" value="255.255.255.255"/>
<property key="propertySet.[cw.dbg.ct.bareboard].networkTargetAddress" value="127.0.0.1"/>
<property key="propertySet.[cw.dbg.ct.bareboard].networkUDPPort" value="1234"/>
<property key="propertySet.[cw.dbg.ct.bareboard].noIOModelConfig" value="false"/>
<property key="propertySet.[cw.dbg.ct.bareboard].runOutOfReset" value="false"/>
<property key="propertySet.[cw.dbg.ct.bareboard].targetIsPalladium" value="false"/>
<property key="propertySet.[cw.dbg.ct.bareboard].useInitFile" value="true"/>
<property key="propertySet.[cw.dbg.ct.bareboard].useMemoryConfigFile" value="true"/>
<property key="propertySet.[cw.dbg.ct.bareboard].useNetworkGateway" value="false"/>
<property key="propertySet.[cw.dbg.ct.bareboard].useNetworkMACAddress" value="false"/>
<property key="propertySet.[cw.dbg.ct.bareboard].useNetworkUDPPort" value="false"/>
<property key="propertySet.[cw.dbg.main].systemType" value="com.freescale.cw.system.eppc.MPC56xxB.MPC5606B"/>
<property key="propertySet.[cw.ide.settingscache].hidden.HostID" value="com.freescale.cdt.debug.cw.core.ui.rse.systemtype.bareboard.hardware.system.150709224118+0900.3"/>
<property key="propertySet.[cw.ide.settingscache].hidden.TimeStamp" value="1436449281243"/>
</properties>
</host>
<host>
<properties>
<property key="hidden.applicator.com.freescale.debugger.applicator.launchconfiguration.lc.Roboin_NEW_FLASH_PnE USB-ML-PPCNEXUS.proj.Roboin_NEW" value="com.freescale.debugger.applicator.launchconfiguration.lc.Roboin_NEW_FLASH_PnE USB-ML-PPCNEXUS.proj.Roboin_NEW"/>
<property key="host.address" value=""/>
<property key="host.defaultEncoding" value=""/>
<property key="host.defaultUser" value="JaeHakJeong"/>
<property key="host.description" value=""/>
<property key="host.name" value="Roboin_NEW_FLASH_PnE USB-ML-PPCNEXUS"/>
<property key="host.promptable" value="false"/>
<property key="host.type" value="com.freescale.cdt.debug.cw.core.ui.rse.systemtype.bareboard.hardware"/>
<property key="propertySet.[OptionalPropertySet].enableConnectorServicesPropertyPage" value="false"/>
<property key="propertySet.[OptionalPropertySet].enableGenericHostPropertyPage" value="false"/>
<property key="propertySet.[com.pemicro.mcu.debug.connections.pne.eppc].com.freescale.cdt.debug.cw.CW_SHADOWED_PREF.Embedded Initialization.simulator" value=""/>
<property key="propertySet.[com.pemicro.mcu.debug.connections.pne.eppc].com.freescale.cdt.debug.cw.core.settings.GdiConnection.Common.PhysicalConnectionAttributeBase" value="com.pemicro.mcu.debug.connections.pne.eppc."/>
<property key="propertySet.[com.pemicro.mcu.debug.connections.pne.eppc].com.freescale.cdt.debug.cw.core.settings.GdiConnection.Common.SimulatorConnectionAttributeBase" value=""/>
<property key="propertySet.[com.pemicro.mcu.debug.connections.pne.eppc].com.freescale.cdt.debug.cw.core.settings.GdiConnection.Common.logData" value="false"/>
<property key="propertySet.[com.pemicro.mcu.debug.connections.pne.eppc].com.pemicro.mcu.debug.connections.pne.eppc.CommandLineArgs" value=""/>
<property key="propertySet.[com.pemicro.mcu.debug.connections.pne.eppc].com.pemicro.mcu.debug.connections.pne.eppc.ConfigFile" value=""/>
<property key="propertySet.[com.pemicro.mcu.debug.connections.pne.eppc].com.pemicro.mcu.debug.connections.pne.eppc.Library" value="eppc_pne_gdi"/>
<property key="propertySet.[com.pemicro.mcu.debug.connections.pne.eppc].com.pemicro.mcu.debug.connections.pne.eppc.PEDEBUG_CURRENTDEVICE" value="MPC5606B"/>
<property key="propertySet.[com.pemicro.mcu.debug.connections.pne.eppc].com.pemicro.mcu.debug.connections.pne.eppc.PEDEBUG_DO_DEBUG_OUTPUT" value="0"/>
<property key="propertySet.[com.pemicro.mcu.debug.connections.pne.eppc].com.pemicro.mcu.debug.connections.pne.eppc.RESET_DELAY" value="0"/>
<property key="propertySet.[com.pemicro.mcu.debug.connections.pne.eppc].com.pemicro.mcu.debug.connections.pne.eppc.STARTUP_PCI_DELAY" value="0"/>
<property key="propertySet.[com.pemicro.mcu.debug.connections.pne.eppc].com.pemicro.mcu.debug.connections.pne.eppc.STARTUP_PORT" value="21"/>
<property key="propertySet.[com.pemicro.mcu.debug.connections.pne.eppc].com.pemicro.mcu.debug.connections.pne.eppc.STARTUP_interface_selection" value="1"/>
<property key="propertySet.[com.pemicro.mcu.debug.connections.pne.eppc].com.pemicro.mcu.debug.connections.pne.eppc.names_of_user_added_attributes" value=""/>
<property key="propertySet.[cw.dbg.conn].rseSystemId" value="com.freescale.cdt.debug.cw.core.ui.rse.systemtype.bareboard.hardware.system.150709224118+0900.2"/>
<property key="propertySet.[cw.dbg.ct.bareboard.gdi].logData" value="false"/>
<property key="propertySet.[cw.dbg.ct.targetConnLost].RetryConnectionOn" value="false"/>
<property key="propertySet.[cw.dbg.ct.targetConnLost].RetryTimeout" value="20"/>
<property key="propertySet.[cw.dbg.ct.targetConnLost].RetryWithTimeoutOn" value="false"/>
<property key="propertySet.[cw.dbg.ct.targetConnLost].TerminateConnectionOn" value="false"/>
<property key="propertySet.[cw.dbg.ct.targetConnLost].retryPromptUserActionOn" value="true"/>
<property key="propertySet.[cw.dbg.ct].Connection Type" value="com.pemicro.mcu.debug.connections.pne.eppc"/>
<property key="propertySet.[cw.ide.settingscache].hidden.HostID" value="com.freescale.cdt.debug.cw.core.ui.rse.systemtype.bareboard.hardware.150709224118+0900.2"/>
<property key="propertySet.[cw.ide.settingscache].hidden.TimeStamp" value="1436449281243"/>
</properties>
</host>
<host>
<properties>
<property key="host.address" value=""/>
<property key="host.defaultEncoding" value=""/>
<property key="host.defaultUser" value="JaeHakJeong"/>
<property key="host.description" value=""/>
<property key="host.name" value="Roboin_NEW_FLASH_PnE USB-ML-PPCNEXUS Target"/>
<property key="host.promptable" value="false"/>
<property key="host.type" value="com.freescale.cdt.debug.cw.core.ui.rse.systemtype.bareboard.hardware.system"/>
<property key="propertySet.[OptionalPropertySet].enableConnectorServicesPropertyPage" value="false"/>
<property key="propertySet.[OptionalPropertySet].enableGenericHostPropertyPage" value="false"/>
<property key="propertySet.[cw.dbg.ct.bareboard].enableHSSTIOModelConfig" value="false"/>
<property key="propertySet.[cw.dbg.ct.bareboard].enableNetworkIOModelConfig" value="false"/>
<property key="propertySet.[cw.dbg.ct.bareboard].enableSerialIOModelConfig" value="false"/>
<property key="propertySet.[cw.dbg.ct.bareboard].enableStopTransferIOModelConfig" value="true"/>
<property key="propertySet.[cw.dbg.ct.bareboard].ethernetController" value="UEC1"/>
<property key="propertySet.[cw.dbg.ct.bareboard].executeReset" value="false"/>
<property key="propertySet.[cw.dbg.ct.bareboard].initPath" value="${ProjDirPath}/Project_Settings/Debugger/MPC5606B_VLE.tcl"/>
<property key="propertySet.[cw.dbg.ct.bareboard].memConfigPath" value="${ProjDirPath}/Project_Settings/Debugger/MPC5606B.mem"/>
<property key="propertySet.[cw.dbg.ct.bareboard].networkDebuggerAddress" value="127.0.0.1"/>
<property key="propertySet.[cw.dbg.ct.bareboard].networkGateway" value="127.0.0.1"/>
<property key="propertySet.[cw.dbg.ct.bareboard].networkMACAddress" value="**-**-**-**-**-**"/>
<property key="propertySet.[cw.dbg.ct.bareboard].networkNetMask" value="255.255.255.255"/>
<property key="propertySet.[cw.dbg.ct.bareboard].networkTargetAddress" value="127.0.0.1"/>
<property key="propertySet.[cw.dbg.ct.bareboard].networkUDPPort" value="1234"/>
<property key="propertySet.[cw.dbg.ct.bareboard].noIOModelConfig" value="false"/>
<property key="propertySet.[cw.dbg.ct.bareboard].runOutOfReset" value="false"/>
<property key="propertySet.[cw.dbg.ct.bareboard].targetIsPalladium" value="false"/>
<property key="propertySet.[cw.dbg.ct.bareboard].useInitFile" value="true"/>
<property key="propertySet.[cw.dbg.ct.bareboard].useMemoryConfigFile" value="true"/>
<property key="propertySet.[cw.dbg.ct.bareboard].useNetworkGateway" value="false"/>
<property key="propertySet.[cw.dbg.ct.bareboard].useNetworkMACAddress" value="false"/>
<property key="propertySet.[cw.dbg.ct.bareboard].useNetworkUDPPort" value="false"/>
<property key="propertySet.[cw.dbg.main].systemType" value="com.freescale.cw.system.eppc.MPC56xxB.MPC5606B"/>
<property key="propertySet.[cw.ide.settingscache].hidden.HostID" value="com.freescale.cdt.debug.cw.core.ui.rse.systemtype.bareboard.hardware.system.150709224118+0900.2"/>
<property key="propertySet.[cw.ide.settingscache].hidden.TimeStamp" value="1436449281243"/>
</properties>
</host>
<host>
<properties>
<property key="hidden.applicator.com.freescale.debugger.applicator.launchconfiguration.lc.Roboin_NEW_RAM_OSJTAG.proj.Roboin_NEW" value="com.freescale.debugger.applicator.launchconfiguration.lc.Roboin_NEW_RAM_OSJTAG.proj.Roboin_NEW"/>
<property key="host.address" value=""/>
<property key="host.defaultEncoding" value=""/>
<property key="host.defaultUser" value="JaeHakJeong"/>
<property key="host.description" value=""/>
<property key="host.name" value="Roboin_NEW_RAM_OSJTAG"/>
<property key="host.promptable" value="false"/>
<property key="host.type" value="com.freescale.cdt.debug.cw.core.ui.rse.systemtype.bareboard.hardware"/>
<property key="propertySet.[OptionalPropertySet].enableConnectorServicesPropertyPage" value="false"/>
<property key="propertySet.[OptionalPropertySet].enableGenericHostPropertyPage" value="false"/>
<property key="propertySet.[com.pemicro.mcu.debug.connections.pne.eppc].com.freescale.cdt.debug.cw.CW_SHADOWED_PREF.Embedded Initialization.simulator" value=""/>
<property key="propertySet.[com.pemicro.mcu.debug.connections.pne.eppc].com.freescale.cdt.debug.cw.core.settings.GdiConnection.Common.PhysicalConnectionAttributeBase" value="com.pemicro.mcu.debug.connections.pne.eppc."/>
<property key="propertySet.[com.pemicro.mcu.debug.connections.pne.eppc].com.freescale.cdt.debug.cw.core.settings.GdiConnection.Common.SimulatorConnectionAttributeBase" value=""/>
<property key="propertySet.[com.pemicro.mcu.debug.connections.pne.eppc].com.freescale.cdt.debug.cw.core.settings.GdiConnection.Common.logData" value="false"/>
<property key="propertySet.[com.pemicro.mcu.debug.connections.pne.eppc].com.pemicro.mcu.debug.connections.pne.eppc.CommandLineArgs" value=""/>
<property key="propertySet.[com.pemicro.mcu.debug.connections.pne.eppc].com.pemicro.mcu.debug.connections.pne.eppc.ConfigFile" value=""/>
<property key="propertySet.[com.pemicro.mcu.debug.connections.pne.eppc].com.pemicro.mcu.debug.connections.pne.eppc.Library" value="eppc_pne_gdi"/>
<property key="propertySet.[com.pemicro.mcu.debug.connections.pne.eppc].com.pemicro.mcu.debug.connections.pne.eppc.PEDEBUG_CURRENTDEVICE" value="MPC5606B"/>
<property key="propertySet.[com.pemicro.mcu.debug.connections.pne.eppc].com.pemicro.mcu.debug.connections.pne.eppc.PEDEBUG_DO_DEBUG_OUTPUT" value="0"/>
<property key="propertySet.[com.pemicro.mcu.debug.connections.pne.eppc].com.pemicro.mcu.debug.connections.pne.eppc.RESET_DELAY" value="0"/>
<property key="propertySet.[com.pemicro.mcu.debug.connections.pne.eppc].com.pemicro.mcu.debug.connections.pne.eppc.STARTUP_PCI_DELAY" value="5"/>
<property key="propertySet.[com.pemicro.mcu.debug.connections.pne.eppc].com.pemicro.mcu.debug.connections.pne.eppc.STARTUP_PORT" value="21"/>
<property key="propertySet.[com.pemicro.mcu.debug.connections.pne.eppc].com.pemicro.mcu.debug.connections.pne.eppc.STARTUP_interface_selection" value="1"/>
<property key="propertySet.[com.pemicro.mcu.debug.connections.pne.eppc].com.pemicro.mcu.debug.connections.pne.eppc.names_of_user_added_attributes" value=""/>
<property key="propertySet.[cw.dbg.conn].rseSystemId" value="com.freescale.cdt.debug.cw.core.ui.rse.systemtype.bareboard.hardware.system.150709224118+0900.1"/>
<property key="propertySet.[cw.dbg.ct.bareboard.gdi].logData" value="false"/>
<property key="propertySet.[cw.dbg.ct.targetConnLost].RetryConnectionOn" value="false"/>
<property key="propertySet.[cw.dbg.ct.targetConnLost].RetryTimeout" value="20"/>
<property key="propertySet.[cw.dbg.ct.targetConnLost].RetryWithTimeoutOn" value="false"/>
<property key="propertySet.[cw.dbg.ct.targetConnLost].TerminateConnectionOn" value="false"/>
<property key="propertySet.[cw.dbg.ct.targetConnLost].retryPromptUserActionOn" value="true"/>
<property key="propertySet.[cw.dbg.ct].Connection Type" value="com.pemicro.mcu.debug.connections.pne.eppc"/>
<property key="propertySet.[cw.ide.settingscache].hidden.HostID" value="com.freescale.cdt.debug.cw.core.ui.rse.systemtype.bareboard.hardware.150709224118+0900.1"/>
<property key="propertySet.[cw.ide.settingscache].hidden.TimeStamp" value="1436449281243"/>
</properties>
</host>
<host>
<properties>
<property key="host.address" value=""/>
<property key="host.defaultEncoding" value=""/>
<property key="host.defaultUser" value="JaeHakJeong"/>
<property key="host.description" value=""/>
<property key="host.name" value="Roboin_NEW_RAM_OSJTAG Target"/>
<property key="host.promptable" value="false"/>
<property key="host.type" value="com.freescale.cdt.debug.cw.core.ui.rse.systemtype.bareboard.hardware.system"/>
<property key="propertySet.[OptionalPropertySet].enableConnectorServicesPropertyPage" value="false"/>
<property key="propertySet.[OptionalPropertySet].enableGenericHostPropertyPage" value="false"/>
<property key="propertySet.[cw.dbg.ct.bareboard].enableHSSTIOModelConfig" value="false"/>
<property key="propertySet.[cw.dbg.ct.bareboard].enableNetworkIOModelConfig" value="false"/>
<property key="propertySet.[cw.dbg.ct.bareboard].enableSerialIOModelConfig" value="false"/>
<property key="propertySet.[cw.dbg.ct.bareboard].enableStopTransferIOModelConfig" value="true"/>
<property key="propertySet.[cw.dbg.ct.bareboard].ethernetController" value="UEC1"/>
<property key="propertySet.[cw.dbg.ct.bareboard].executeReset" value="false"/>
<property key="propertySet.[cw.dbg.ct.bareboard].initPath" value="${ProjDirPath}/Project_Settings/Debugger/MPC5606B_VLE.tcl"/>
<property key="propertySet.[cw.dbg.ct.bareboard].memConfigPath" value="${ProjDirPath}/Project_Settings/Debugger/MPC5606B.mem"/>
<property key="propertySet.[cw.dbg.ct.bareboard].networkDebuggerAddress" value="127.0.0.1"/>
<property key="propertySet.[cw.dbg.ct.bareboard].networkGateway" value="127.0.0.1"/>
<property key="propertySet.[cw.dbg.ct.bareboard].networkMACAddress" value="**-**-**-**-**-**"/>
<property key="propertySet.[cw.dbg.ct.bareboard].networkNetMask" value="255.255.255.255"/>
<property key="propertySet.[cw.dbg.ct.bareboard].networkTargetAddress" value="127.0.0.1"/>
<property key="propertySet.[cw.dbg.ct.bareboard].networkUDPPort" value="1234"/>
<property key="propertySet.[cw.dbg.ct.bareboard].noIOModelConfig" value="false"/>
<property key="propertySet.[cw.dbg.ct.bareboard].runOutOfReset" value="false"/>
<property key="propertySet.[cw.dbg.ct.bareboard].targetIsPalladium" value="false"/>
<property key="propertySet.[cw.dbg.ct.bareboard].useInitFile" value="true"/>
<property key="propertySet.[cw.dbg.ct.bareboard].useMemoryConfigFile" value="true"/>
<property key="propertySet.[cw.dbg.ct.bareboard].useNetworkGateway" value="false"/>
<property key="propertySet.[cw.dbg.ct.bareboard].useNetworkMACAddress" value="false"/>
<property key="propertySet.[cw.dbg.ct.bareboard].useNetworkUDPPort" value="false"/>
<property key="propertySet.[cw.dbg.main].systemType" value="com.freescale.cw.system.eppc.MPC56xxB.MPC5606B"/>
<property key="propertySet.[cw.ide.settingscache].hidden.HostID" value="com.freescale.cdt.debug.cw.core.ui.rse.systemtype.bareboard.hardware.system.150709224118+0900.1"/>
<property key="propertySet.[cw.ide.settingscache].hidden.TimeStamp" value="1436449281243"/>
</properties>
</host>
<host>
<properties>
<property key="hidden.applicator.com.freescale.debugger.applicator.launchconfiguration.lc.Roboin_NEW_RAM_PnE USB-ML-PPCNEXUS.proj.Roboin_NEW" value="com.freescale.debugger.applicator.launchconfiguration.lc.Roboin_NEW_RAM_PnE USB-ML-PPCNEXUS.proj.Roboin_NEW"/>
<property key="host.address" value=""/>
<property key="host.defaultEncoding" value=""/>
<property key="host.defaultUser" value="JaeHakJeong"/>
<property key="host.description" value=""/>
<property key="host.name" value="Roboin_NEW_RAM_PnE USB-ML-PPCNEXUS"/>
<property key="host.promptable" value="false"/>
<property key="host.type" value="com.freescale.cdt.debug.cw.core.ui.rse.systemtype.bareboard.hardware"/>
<property key="propertySet.[OptionalPropertySet].enableConnectorServicesPropertyPage" value="false"/>
<property key="propertySet.[OptionalPropertySet].enableGenericHostPropertyPage" value="false"/>
<property key="propertySet.[com.pemicro.mcu.debug.connections.pne.eppc].com.freescale.cdt.debug.cw.CW_SHADOWED_PREF.Embedded Initialization.simulator" value=""/>
<property key="propertySet.[com.pemicro.mcu.debug.connections.pne.eppc].com.freescale.cdt.debug.cw.core.settings.GdiConnection.Common.PhysicalConnectionAttributeBase" value="com.pemicro.mcu.debug.connections.pne.eppc."/>
<property key="propertySet.[com.pemicro.mcu.debug.connections.pne.eppc].com.freescale.cdt.debug.cw.core.settings.GdiConnection.Common.SimulatorConnectionAttributeBase" value=""/>
<property key="propertySet.[com.pemicro.mcu.debug.connections.pne.eppc].com.freescale.cdt.debug.cw.core.settings.GdiConnection.Common.logData" value="false"/>
<property key="propertySet.[com.pemicro.mcu.debug.connections.pne.eppc].com.pemicro.mcu.debug.connections.pne.eppc.CommandLineArgs" value=""/>
<property key="propertySet.[com.pemicro.mcu.debug.connections.pne.eppc].com.pemicro.mcu.debug.connections.pne.eppc.ConfigFile" value=""/>
<property key="propertySet.[com.pemicro.mcu.debug.connections.pne.eppc].com.pemicro.mcu.debug.connections.pne.eppc.Library" value="eppc_pne_gdi"/>
<property key="propertySet.[com.pemicro.mcu.debug.connections.pne.eppc].com.pemicro.mcu.debug.connections.pne.eppc.PEDEBUG_CURRENTDEVICE" value="MPC5606B"/>
<property key="propertySet.[com.pemicro.mcu.debug.connections.pne.eppc].com.pemicro.mcu.debug.connections.pne.eppc.PEDEBUG_DO_DEBUG_OUTPUT" value="0"/>
<property key="propertySet.[com.pemicro.mcu.debug.connections.pne.eppc].com.pemicro.mcu.debug.connections.pne.eppc.RESET_DELAY" value="0"/>
<property key="propertySet.[com.pemicro.mcu.debug.connections.pne.eppc].com.pemicro.mcu.debug.connections.pne.eppc.STARTUP_PCI_DELAY" value="0"/>
<property key="propertySet.[com.pemicro.mcu.debug.connections.pne.eppc].com.pemicro.mcu.debug.connections.pne.eppc.STARTUP_PORT" value="21"/>
<property key="propertySet.[com.pemicro.mcu.debug.connections.pne.eppc].com.pemicro.mcu.debug.connections.pne.eppc.STARTUP_interface_selection" value="1"/>
<property key="propertySet.[com.pemicro.mcu.debug.connections.pne.eppc].com.pemicro.mcu.debug.connections.pne.eppc.names_of_user_added_attributes" value=""/>
<property key="propertySet.[cw.dbg.conn].rseSystemId" value="com.freescale.cdt.debug.cw.core.ui.rse.systemtype.bareboard.hardware.system.150709224118+0900"/>
<property key="propertySet.[cw.dbg.ct.bareboard.gdi].logData" value="false"/>
<property key="propertySet.[cw.dbg.ct.targetConnLost].RetryConnectionOn" value="false"/>
<property key="propertySet.[cw.dbg.ct.targetConnLost].RetryTimeout" value="20"/>
<property key="propertySet.[cw.dbg.ct.targetConnLost].RetryWithTimeoutOn" value="false"/>
<property key="propertySet.[cw.dbg.ct.targetConnLost].TerminateConnectionOn" value="false"/>
<property key="propertySet.[cw.dbg.ct.targetConnLost].retryPromptUserActionOn" value="true"/>
<property key="propertySet.[cw.dbg.ct].Connection Type" value="com.pemicro.mcu.debug.connections.pne.eppc"/>
<property key="propertySet.[cw.ide.settingscache].hidden.HostID" value="com.freescale.cdt.debug.cw.core.ui.rse.systemtype.bareboard.hardware.150709224118+0900"/>
<property key="propertySet.[cw.ide.settingscache].hidden.TimeStamp" value="1436449281243"/>
</properties>
</host>
<host>
<properties>
<property key="host.address" value=""/>
<property key="host.defaultEncoding" value=""/>
<property key="host.defaultUser" value="JaeHakJeong"/>
<property key="host.description" value=""/>
<property key="host.name" value="Roboin_NEW_RAM_PnE USB-ML-PPCNEXUS Target"/>
<property key="host.promptable" value="false"/>
<property key="host.type" value="com.freescale.cdt.debug.cw.core.ui.rse.systemtype.bareboard.hardware.system"/>
<property key="propertySet.[OptionalPropertySet].enableConnectorServicesPropertyPage" value="false"/>
<property key="propertySet.[OptionalPropertySet].enableGenericHostPropertyPage" value="false"/>
<property key="propertySet.[cw.dbg.ct.bareboard].enableHSSTIOModelConfig" value="false"/>
<property key="propertySet.[cw.dbg.ct.bareboard].enableNetworkIOModelConfig" value="false"/>
<property key="propertySet.[cw.dbg.ct.bareboard].enableSerialIOModelConfig" value="false"/>
<property key="propertySet.[cw.dbg.ct.bareboard].enableStopTransferIOModelConfig" value="true"/>
<property key="propertySet.[cw.dbg.ct.bareboard].ethernetController" value="UEC1"/>
<property key="propertySet.[cw.dbg.ct.bareboard].executeReset" value="false"/>
<property key="propertySet.[cw.dbg.ct.bareboard].initPath" value="${ProjDirPath}/Project_Settings/Debugger/MPC5606B_VLE.tcl"/>
<property key="propertySet.[cw.dbg.ct.bareboard].memConfigPath" value="${ProjDirPath}/Project_Settings/Debugger/MPC5606B.mem"/>
<property key="propertySet.[cw.dbg.ct.bareboard].networkDebuggerAddress" value="127.0.0.1"/>
<property key="propertySet.[cw.dbg.ct.bareboard].networkGateway" value="127.0.0.1"/>
<property key="propertySet.[cw.dbg.ct.bareboard].networkMACAddress" value="**-**-**-**-**-**"/>
<property key="propertySet.[cw.dbg.ct.bareboard].networkNetMask" value="255.255.255.255"/>
<property key="propertySet.[cw.dbg.ct.bareboard].networkTargetAddress" value="127.0.0.1"/>
<property key="propertySet.[cw.dbg.ct.bareboard].networkUDPPort" value="1234"/>
<property key="propertySet.[cw.dbg.ct.bareboard].noIOModelConfig" value="false"/>
<property key="propertySet.[cw.dbg.ct.bareboard].runOutOfReset" value="false"/>
<property key="propertySet.[cw.dbg.ct.bareboard].targetIsPalladium" value="false"/>
<property key="propertySet.[cw.dbg.ct.bareboard].useInitFile" value="true"/>
<property key="propertySet.[cw.dbg.ct.bareboard].useMemoryConfigFile" value="true"/>
<property key="propertySet.[cw.dbg.ct.bareboard].useNetworkGateway" value="false"/>
<property key="propertySet.[cw.dbg.ct.bareboard].useNetworkMACAddress" value="false"/>
<property key="propertySet.[cw.dbg.ct.bareboard].useNetworkUDPPort" value="false"/>
<property key="propertySet.[cw.dbg.main].systemType" value="com.freescale.cw.system.eppc.MPC56xxB.MPC5606B"/>
<property key="propertySet.[cw.ide.settingscache].hidden.HostID" value="com.freescale.cdt.debug.cw.core.ui.rse.systemtype.bareboard.hardware.system.150709224118+0900"/>
<property key="propertySet.[cw.ide.settingscache].hidden.TimeStamp" value="1436449281243"/>
</properties>
</host>
</APSC_Memento>